Model,DIC
Model_7,-7164.218365422763
Model_5,-7021.9496259061425
