Model,DIC
Model_7,-5732.688322288274
Model_5,-5561.500875477106
