Model,DIC
Model_7,-15755.592737448454
Model_2,1692.618278288699
