Model,DIC
Model_7,-15007.41368777636
Model_2,2903.404871510927
