Model,DIC
Model_5,-10299.575806348936
Model_4,1020.1823986679223
