Model,DIC
Model_5,-5658.595780180475
Model_4,5464.552169285966
